Modelo,F1-Score (Macro),Tiempo entrenamiento (s),Tiempo inferencia (ms/registro)
Random Forest,0.43345312348961806,1.1409245999966515,0.033512159330117273
XGBoost (HistGB),0.4399689440993789,4.874245899998641,0.05119555555108302
MLP,0.4704240916659123,5.0904174000024796,0.017421174003323835
