Modelo,F1-Score (Macro),Tiempo entrenamiento (s),Tiempo inferencia (ms/registro)
Random Forest,0.43345312348961806,1.098531700001331,0.03064343816148258
XGBoost (HistGB),0.4399689440993789,2.3212203000002773,0.042216561842549676
MLP,0.4704240916659123,3.9949420999982976,0.008835429775375343
