Zona,Cantidad,Porcentaje,Cantidad_solo_prob,Porcentaje_solo_prob
Confianza,1,0.20964360587002095,1,0.20964360587002095
Incertidumbre,302,63.312368972746334,302,63.312368972746334
Rechazo,174,36.477987421383645,174,36.477987421383645
