Modelo,F1_macro,F1_weighted,Tiempo_entrenamiento_s,Tiempo_inferencia_test_s
MLP (BatchNorm antes de Dropout),0.43786064336245456,0.4334636126779964,11.658563375473022,0.0009975433349609375
XGBoost,0.42610181150349913,0.457702582045764,5.80670690536499,0.0049893856048583984
