Clase_codificada,species_id,Umbral_OOD_p95_dist_NN,Dist_NN_train_media,Dist_NN_train_std,N_train_clase
0,10,5.34037485893915,3.0192094116844865,1.4314876020537446,221
1,12,5.089599413259312,2.9985948135606733,1.267267068325743,222
2,17,5.122326581756281,2.6752252457967036,1.3965488804722295,417
3,18,7.182974068859797,3.5431100037331213,2.002301021508447,222
4,23,4.833936520294144,2.6085283595952475,1.1423830388831624,442
